{
    "seed": 60184,
    "id": "_BETA",
    "sma_window_size": 100,
    "train_split": 0.75,
    "validation_split": 0.2,
    "start": 1603386000000,
    "end": 1665668759999,
    "test_ds_start": 1650117600000,
    "test_ds_end": 1665668759999,
    "highest_price_sma": 67235.38650000001,
    "lowest_price_sma": 12508.528999999999,
    "regression_lookback": 128,
    "regression_predictions": 32,
    "exchange_fee": 0.065,
    "position_size": 10000,
    "leverage": 5,
    "idle_minutes_on_position_close": 30
}