{
    "seed": 60184,
    "id": "_ALPHA",
    "sma_window_size": 100,
    "train_split": 0.75,
    "validation_split": 0.2,
    "start": 1588365000000,
    "end": 1650659639999,
    "test_ds_start": 1635109200000,
    "test_ds_end": 1650659639999,
    "highest_price_sma": 67235.38650000001,
    "lowest_price_sma": 8681.721000000001,
    "regression_lookback": 128,
    "regression_predictions": 32,
    "position_size": 10000,
    "leverage": 3,
    "idle_minutes_on_position_close": 30
}