{
    "seed": 60184,
    "id": "_GENESIS",
    "sma_window_size": 100,
    "train_split": 0.75,
    "validation_split": 0.2,
    "start": 1546225200000,
    "end": 1670873339999,
    "test_ds_start": 1639769400000,
    "test_ds_end": 1670873339999,
    "highest_price_sma": 67235.38650000001,
    "lowest_price_sma": 3405.8309999999997,
    "regression_lookback": 128,
    "regression_predictions": 32,
    "exchange_fee": 0.065,
    "position_size": 10000,
    "leverage": 2,
    "idle_minutes_on_position_close": 30
}